,antecedents,consequents,antecedent support,consequent support,support,confidence,lift,leverage,conviction
2,frozenset({'Broadband Basic'}),frozenset({'Broadband Premium'}),0.33617021276595743,0.7425531914893617,0.30319148936170215,0.9018987341772153,1.214591418519459,0.05356722498868269,2.624296499656833
39,frozenset({'DSL'}),frozenset({'Broadband Premium'}),0.5468085106382978,0.7425531914893617,0.5063829787234042,0.9260700389105059,1.2471430323436612,0.10034857401539155,3.4823068309070564
42,frozenset({'Postpaid'}),frozenset({'Broadband Premium'}),0.5404255319148936,0.7425531914893617,0.5053191489361702,0.9350393700787403,1.2592220743180742,0.1040244454504301,3.9631205673758934
44,frozenset({'Postpaid Platinum'}),frozenset({'Broadband Premium'}),0.5553191489361702,0.7425531914893617,0.5308510638297872,0.9559386973180076,1.287367300113076,0.11849705749207784,5.842923219241437
47,frozenset({'Postpaid Roaming'}),frozenset({'Broadband Premium'}),0.5425531914893617,0.7425531914893617,0.5159574468085106,0.9509803921568628,1.2806899264003597,0.11308284291534632,5.251914893617028
49,frozenset({'Wireless Broadband'}),frozenset({'Broadband Premium'}),0.6202127659574468,0.7425531914893617,0.5702127659574469,0.9193825042881648,1.238136896892371,0.10967179719330017,3.1934359438660085
65,frozenset({'DSL'}),frozenset({'Wireless Broadband'}),0.5468085106382978,0.6202127659574468,0.5138297872340426,0.9396887159533076,1.5151070205765167,0.17469216840199192,6.297117364447518
481,"frozenset({'Broadband Premium', 'DSL'})",frozenset({'Broadband Family'}),0.5063829787234042,0.7585106382978724,0.4563829787234043,0.9012605042016808,1.1881975791719215,0.07228610230873705,2.4457220461747426
482,"frozenset({'Broadband Family', 'DSL'})",frozenset({'Broadband Premium'}),0.4797872340425532,0.7425531914893617,0.4563829787234043,0.951219512195122,1.2810119505206514,0.10011543684925306,5.277659574468092
503,"frozenset({'Postpaid', 'Broadband Family'})",frozenset({'Broadband Premium'}),0.43829787234042555,0.7425531914893617,0.42340425531914894,0.9660194174757281,1.3009430550532728,0.09794477138976909,7.576291793313048
509,"frozenset({'Postpaid Platinum', 'Broadband Family'})",frozenset({'Broadband Premium'}),0.48936170212765956,0.7425531914893617,0.47127659574468084,0.9630434782608696,1.2969353432166437,0.10789950203712084,6.966207759699622
516,"frozenset({'Broadband Family', 'Postpaid Roaming'})",frozenset({'Broadband Premium'}),0.4765957446808511,0.7425531914893617,0.45851063829787236,0.9620535714285714,1.295602230863692,0.1046129470348574,6.784480600750933
534,"frozenset({'Broadband Family', 'Wireless Broadband'})",frozenset({'Broadband Premium'}),0.526595744680851,0.7425531914893617,0.498936170212766,0.9474747474747476,1.2759688576307489,0.10791081937528296,4.901391162029469
549,"frozenset({'F2H Fiber', 'DSL'})",frozenset({'Broadband Family'}),0.4074468085106383,0.7585106382978724,0.3680851063829787,0.9033942558746736,1.1910106599189245,0.059032367587143475,2.4997412305922935
561,"frozenset({'Postpaid Platinum', 'DSL'})",frozenset({'Broadband Family'}),0.4223404255319149,0.7585106382978724,0.39680851063829786,0.9395465994962215,1.2386729362222275,0.07645880488909007,3.994636524822687
568,"frozenset({'Postpaid Roaming', 'DSL'})",frozenset({'Broadband Family'}),0.425531914893617,0.7585106382978724,0.39787234042553193,0.935,1.232678821879383,0.07510185604345859,3.715220949263505
580,"frozenset({'Prepaid International', 'DSL'})",frozenset({'Broadband Family'}),0.3617021276595745,0.7585106382978724,0.32659574468085106,0.9029411764705881,1.190413332233314,0.05224083295608872,2.488072211476464
585,"frozenset({'Broadband Family', 'DSL'})",frozenset({'Wireless Broadband'}),0.4797872340425532,0.6202127659574468,0.46063829787234045,0.960088691796009,1.547998919876927,0.16306813037573564,9.515780141843997
678,"frozenset({'Postpaid Platinum', 'F2H Fiber'})",frozenset({'Broadband Family'}),0.4117021276595745,0.7585106382978724,0.3776595744680851,0.917312661498708,1.209360311092266,0.06537913082842917,2.9205119680851075
685,"frozenset({'F2H Fiber', 'Postpaid Roaming'})",frozenset({'Broadband Family'}),0.39893617021276595,0.7585106382978724,0.3606382978723404,0.904,1.1918092566619916,0.05804096876414666,2.515514184397164
739,"frozenset({'Postpaid Platinum', 'Postpaid Roaming'})",frozenset({'Broadband Family'}),0.44148936170212766,0.7585106382978724,0.4095744680851064,0.927710843373494,1.223068994068842,0.0747000905387053,3.340602836879432
751,"frozenset({'Postpaid Platinum', 'Prepaid International'})",frozenset({'Broadband Family'}),0.3680851063829787,0.7585106382978724,0.33297872340425533,0.9046242774566475,1.1926322872499981,0.05378225441376189,2.5319793681495844
757,"frozenset({'Postpaid Platinum', 'Wireless Broadband'})",frozenset({'Broadband Family'}),0.4627659574468085,0.7585106382978724,0.42446808510638295,0.9172413793103448,1.2092663345746482,0.0734551833408782,2.9179964539007073
770,"frozenset({'Postpaid Roaming', 'Prepaid International'})",frozenset({'Broadband Family'}),0.32659574468085106,0.7585106382978724,0.30425531914893617,0.9315960912052117,1.2281912001863942,0.056528972385694876,3.5303444782168167
774,"frozenset({'Broadband Family', 'Postpaid Roaming'})",frozenset({'Wireless Broadband'}),0.4765957446808511,0.6202127659574468,0.4297872340425532,0.9017857142857143,1.4539941190884589,0.13419646899049342,3.866924564796906
775,"frozenset({'Postpaid Roaming', 'Wireless Broadband'})",frozenset({'Broadband Family'}),0.474468085106383,0.7585106382978724,0.4297872340425532,0.905829596412556,1.194221347304071,0.06989814395654143,2.5643870314083066
809,"frozenset({'F2H Fiber', 'DSL'})",frozenset({'Broadband Premium'}),0.4074468085106383,0.7425531914893617,0.3872340425531915,0.9503916449086162,1.2798970576133226,0.08468311453146221,5.18958566629339
815,"frozenset({'Postpaid', 'DSL'})",frozenset({'Broadband Premium'}),0.37127659574468086,0.7425531914893617,0.3606382978723404,0.9713467048710601,1.3081173389381038,0.08494567677682208,8.984893617021259
821,"frozenset({'Postpaid Platinum', 'DSL'})",frozenset({'Broadband Premium'}),0.4223404255319149,0.7425531914893617,0.4106382978723404,0.9722921914357682,1.3093906303003182,0.09702806699864186,9.291489361702096
828,"frozenset({'Postpaid Roaming', 'DSL'})",frozenset({'Broadband Premium'}),0.425531914893617,0.7425531914893617,0.4127659574468085,0.97,1.3063037249283667,0.09678587596197374,8.581560283687935
840,"frozenset({'Prepaid International', 'DSL'})",frozenset({'Broadband Premium'}),0.3617021276595745,0.7425531914893617,0.33404255319148934,0.9235294117647058,1.2437215573908647,0.06545948392937978,3.3666121112929592
845,"frozenset({'Broadband Premium', 'DSL'})",frozenset({'Wireless Broadband'}),0.5063829787234042,0.6202127659574468,0.48404255319148937,0.9558823529411765,1.5412168297850874,0.1699773653236759,8.608510638297881
846,"frozenset({'Wireless Broadband', 'DSL'})",frozenset({'Broadband Premium'}),0.5138297872340426,0.7425531914893617,0.48404255319148937,0.9420289855072463,1.2686350234624808,0.10249660479855133,4.440957446808508
865,"frozenset({'Postpaid Platinum', 'DTH HD'})",frozenset({'Broadband Premium'}),0.3180851063829787,0.7425531914893617,0.30531914893617024,0.9598662207357861,1.2926565150310012,0.06912403802625625,6.414716312056759
886,"frozenset({'DTH HD', 'Wireless Broadband'})",frozenset({'Broadband Premium'}),0.3468085106382979,0.7425531914893617,0.3191489361702128,0.9202453987730062,1.2392989610983176,0.06162516976007243,3.2279869067103113
894,"frozenset({'DTH SD', 'Postpaid'})",frozenset({'Broadband Premium'}),0.33297872340425533,0.7425531914893617,0.30957446808510636,0.9297124600638976,1.2520482986533865,0.06232005432322313,3.6627659574468012
920,"frozenset({'F2H Fiber', 'Postpaid'})",frozenset({'Broadband Premium'}),0.3904255319148936,0.7425531914893617,0.37446808510638296,0.9591280653950954,1.291662437638094,0.08455636034404707,6.298865248226959
926,"frozenset({'Postpaid Platinum', 'F2H Fiber'})",frozenset({'Broadband Premium'}),0.4117021276595745,0.7425531914893617,0.4,0.9715762273901809,1.3084264380326218,0.0942892711634224,9.057446808510646
933,"frozenset({'F2H Fiber', 'Postpaid Roaming'})",frozenset({'Broadband Premium'}),0.39893617021276595,0.7425531914893617,0.3861702127659574,0.968,1.3036103151862464,0.08993888637392483,8.045212765957439
951,"frozenset({'F2H Fiber', 'Wireless Broadband'})",frozenset({'Broadband Premium'}),0.4542553191489362,0.7425531914893617,0.4276595744680851,0.9414519906323184,1.2678579816538385,0.09035083748302397,4.397191489361697
956,"frozenset({'Postpaid Platinum', 'Postpaid'})",frozenset({'Broadband Premium'}),0.3776595744680851,0.7425531914893617,0.3723404255319149,0.9859154929577464,1.3277371968198877,0.09190810321412402,18.2787234042552
963,"frozenset({'Postpaid', 'Postpaid Roaming'})",frozenset({'Broadband Premium'}),0.37127659574468086,0.7425531914893617,0.3648936170212766,0.982808022922636,1.323552351786931,0.08920099592575825,14.974822695035392
975,"frozenset({'Postpaid', 'Prepaid International'})",frozenset({'Broadband Premium'}),0.3414893617021277,0.7425531914893617,0.32340425531914896,0.9470404984423676,1.2753840523435895,0.06983023992756904,4.861201501877346
981,"frozenset({'Postpaid', 'Wireless Broadband'})",frozenset({'Broadband Premium'}),0.41914893617021276,0.7425531914893617,0.4085106382978723,0.9746192893401014,1.3125245443835176,0.09727025803531009,10.143404255319117
987,"frozenset({'Postpaid Platinum', 'Postpaid Roaming'})",frozenset({'Broadband Premium'}),0.44148936170212766,0.7425531914893617,0.4319148936170213,0.9783132530120482,1.3174992232540477,0.10408555907650519,11.871158392434985
999,"frozenset({'Postpaid Platinum', 'Prepaid International'})",frozenset({'Broadband Premium'}),0.3680851063829787,0.7425531914893617,0.35212765957446807,0.9566473988439307,1.2883217119101644,0.07880488909008598,5.938439716312063
1005,"frozenset({'Postpaid Platinum', 'Wireless Broadband'})",frozenset({'Broadband Premium'}),0.4627659574468085,0.7425531914893617,0.4478723404255319,0.9678160919540231,1.303362645324902,0.10424400181077415,7.999240121580567
1017,"frozenset({'Postpaid Roaming', 'Prepaid International'})",frozenset({'Broadband Premium'}),0.32659574468085106,0.7425531914893617,0.3148936170212766,0.9641693811074918,1.2984516020645305,0.07237890448166592,7.18510638297872
1022,"frozenset({'Postpaid Roaming', 'Wireless Broadband'})",frozenset({'Broadband Premium'}),0.474468085106383,0.7425531914893617,0.4595744680851064,0.9686098654708519,1.3044316239865341,0.1072566772295156,8.20151975683888
1032,"frozenset({'Prepaid', 'Wireless Broadband'})",frozenset({'Broadband Premium'}),0.3553191489361702,0.7425531914893617,0.32659574468085106,0.9191616766467066,1.2378395072319544,0.06275237664101402,3.1847123719464134
1038,"frozenset({'Wireless Broadband', 'Prepaid International'})",frozenset({'Broadband Premium'}),0.3851063829787234,0.7425531914893617,0.3553191489361702,0.9226519337016575,1.242539853409109,0.06935717519239476,3.3284194528875415
1145,"frozenset({'F2H Fiber', 'DSL'})",frozenset({'Wireless Broadband'}),0.4074468085106383,0.6202127659574468,0.39574468085106385,0.9712793733681463,1.566042214350013,0.14304096876414668,13.223500967118026
1175,"frozenset({'Postpaid', 'DSL'})",frozenset({'Wireless Broadband'}),0.37127659574468086,0.6202127659574468,0.35319148936170214,0.9512893982808023,1.5338113797323398,0.1229210049796288,7.7968085106382965
1199,"frozenset({'Postpaid Platinum', 'DSL'})",frozenset({'Wireless Broadband'}),0.4223404255319149,0.6202127659574468,0.4085106382978723,0.9672544080604533,1.5595525618813484,0.1465697148030783,11.598117839607154
1217,"frozenset({'Postpaid Roaming', 'DSL'})",frozenset({'Wireless Broadband'}),0.425531914893617,0.6202127659574468,0.41702127659574467,0.98,1.5801029159519726,0.1531009506564056,18.989361702127646
1229,"frozenset({'Prepaid', 'DSL'})",frozenset({'Wireless Broadband'}),0.3202127659574468,0.6202127659574468,0.30531914893617024,0.9534883720930234,1.5373568949698835,0.10671910366681761,8.165425531914918
1236,"frozenset({'Prepaid International', 'DSL'})",frozenset({'Wireless Broadband'}),0.3617021276595745,0.6202127659574468,0.3382978723404255,0.9352941176470587,1.5080213903743314,0.1139655952919873,5.869439071566722
1550,"frozenset({'F2H Fiber', 'Postpaid Roaming'})",frozenset({'Wireless Broadband'}),0.39893617021276595,0.6202127659574468,0.3617021276595745,0.9066666666666667,1.4618639222412808,0.11427682209144413,4.069148936170216
1610,"frozenset({'Postpaid', 'Postpaid Roaming'})",frozenset({'Wireless Broadband'}),0.37127659574468086,0.6202127659574468,0.3372340425531915,0.9083094555873926,1.4645126728167224,0.10696355817111816,4.1420545212766
1646,"frozenset({'Postpaid Platinum', 'Postpaid Roaming'})",frozenset({'Wireless Broadband'}),0.44148936170212766,0.6202127659574468,0.39787234042553193,0.9012048192771085,1.4530575130711527,0.12405500226346766,3.844187856772187
4693,"frozenset({'F2H Fiber', 'Broadband Premium', 'DSL'})",frozenset({'Broadband Family'}),0.3872340425531915,0.7585106382978724,0.35851063829787233,0.9258241758241758,1.2205816623768937,0.06478949751018559,3.255634357762014
4694,"frozenset({'F2H Fiber', 'Broadband Family', 'DSL'})",frozenset({'Broadband Premium'}),0.3680851063829787,0.7425531914893617,0.35851063829787233,0.9739884393063584,1.3116749755701673,0.08518786781349025,9.897399527186755
4707,"frozenset({'Broadband Premium', 'Postpaid', 'DSL'})",frozenset({'Broadband Family'}),0.3606382978723404,0.7585106382978724,0.33085106382978724,0.9174041297935104,1.209480900429032,0.05730307831598008,2.9237462006079045
4708,"frozenset({'Postpaid', 'Broadband Family', 'DSL'})",frozenset({'Broadband Premium'}),0.33404255319148934,0.7425531914893617,0.33085106382978724,0.9904458598726116,1.3338382640118265,0.08280669986419195,26.94609929078046
4721,"frozenset({'Postpaid Platinum', 'Broadband Premium', 'DSL'})",frozenset({'Broadband Family'}),0.4106382978723404,0.7585106382978724,0.3861702127659574,0.9404145077720207,1.2398171631215982,0.07469669533725665,4.052821461609621
4722,"frozenset({'Postpaid Platinum', 'Broadband Family', 'DSL'})",frozenset({'Broadband Premium'}),0.39680851063829786,0.7425531914893617,0.3861702127659574,0.9731903485254692,1.3106001828279956,0.091518786781349,9.6027659574468
4726,"frozenset({'Postpaid Platinum', 'DSL'})","frozenset({'Broadband Premium', 'Broadband Family'})",0.4223404255319149,0.6031914893617021,0.3861702127659574,0.9143576826196472,1.5158663521383924,0.13141806247170662,4.633322903629531
4736,"frozenset({'Broadband Premium', 'Postpaid Roaming', 'DSL'})",frozenset({'Broadband Family'}),0.4127659574468085,0.7585106382978724,0.3882978723404255,0.9407216494845361,1.2402220904845216,0.07521050248981437,4.073820536540239
4737,"frozenset({'Broadband Family', 'Postpaid Roaming', 'DSL'})",frozenset({'Broadband Premium'}),0.39787234042553193,0.7425531914893617,0.3882978723404255,0.9759358288770053,1.3142975345908092,0.092856496152105,10.69834515366426
4743,"frozenset({'Postpaid Roaming', 'DSL'})","frozenset({'Broadband Premium', 'Broadband Family'})",0.425531914893617,0.6031914893617021,0.3882978723404255,0.9125,1.5127865961199296,0.13162064282480762,4.5349544072948325
4764,"frozenset({'Broadband Premium', 'Prepaid International', 'DSL'})",frozenset({'Broadband Family'}),0.33404255319148934,0.7585106382978724,0.30957446808510636,0.9267515923566879,1.2218043433594483,0.056199637845178785,3.2968547641073087
4765,"frozenset({'Broadband Family', 'Prepaid International', 'DSL'})",frozenset({'Broadband Premium'}),0.32659574468085106,0.7425531914893617,0.30957446808510636,0.9478827361563518,1.2765182979756027,0.06705975554549568,4.939760638297869
4777,"frozenset({'Broadband Premium', 'Broadband Family', 'DSL'})",frozenset({'Wireless Broadband'}),0.4563829787234043,0.6202127659574468,0.4425531914893617,0.9696969696969696,1.5634908259265035,0.15949864191942054,12.532978723404222
4778,"frozenset({'Broadband Premium', 'Wireless Broadband', 'DSL'})",frozenset({'Broadband Family'}),0.48404255319148937,0.7585106382978724,0.4425531914893617,0.9142857142857143,1.2053696653977157,0.07540176550475325,2.8173758865248217
4779,"frozenset({'Broadband Family', 'Wireless Broadband', 'DSL'})",frozenset({'Broadband Premium'}),0.46063829787234045,0.7425531914893617,0.4425531914893617,0.9607390300230946,1.2938319315497262,0.10050475328202801,6.557321652065062
4784,"frozenset({'Broadband Family', 'DSL'})","frozenset({'Broadband Premium', 'Wireless Broadband'})",0.4797872340425532,0.5702127659574469,0.4425531914893617,0.9223946784922394,1.6176324585498227,0.16897238569488454,5.538115501519754
4983,"frozenset({'F2H Fiber', 'Postpaid', 'Broadband Family'})",frozenset({'Broadband Premium'}),0.33404255319148934,0.7425531914893617,0.32659574468085106,0.9777070063694268,1.3166827879473655,0.07855138071525578,11.548328267477206
4996,"frozenset({'Postpaid Platinum', 'F2H Fiber', 'Broadband Premium'})",frozenset({'Broadband Family'}),0.4,0.7585106382978724,0.3680851063829787,0.9202127659574467,1.2131837307152873,0.06468085106382976,3.0266666666666633
4997,"frozenset({'Postpaid Platinum', 'F2H Fiber', 'Broadband Family'})",frozenset({'Broadband Premium'}),0.3776595744680851,0.7425531914893617,0.3680851063829787,0.9746478873239436,1.3125630574276603,0.08765278406518784,10.154846335697368
5011,"frozenset({'F2H Fiber', 'Broadband Premium', 'Postpaid Roaming'})",frozenset({'Broadband Family'}),0.3861702127659574,0.7585106382978724,0.35212765957446807,0.9118457300275482,1.2021528558567955,0.05921344499773651,2.7393949468085106
5012,"frozenset({'F2H Fiber', 'Broadband Family', 'Postpaid Roaming'})",frozenset({'Broadband Premium'}),0.3606382978723404,0.7425531914893617,0.35212765957446807,0.976401179941003,1.314924225135448,0.08433454051607059,10.909308510638297
5053,"frozenset({'F2H Fiber', 'Broadband Premium', 'Wireless Broadband'})",frozenset({'Broadband Family'}),0.4276595744680851,0.7585106382978724,0.3893617021276596,0.9104477611940298,1.2003098113918484,0.06497736532367587,2.6966312056737576
5054,"frozenset({'F2H Fiber', 'Broadband Family', 'Wireless Broadband'})",frozenset({'Broadband Premium'}),0.4031914893617021,0.7425531914893617,0.3893617021276596,0.9656992084432718,1.3005118279895065,0.08997057492077865,7.505564648117855
5066,"frozenset({'Postpaid Platinum', 'Broadband Premium', 'Postpaid'})",frozenset({'Broadband Family'}),0.3723404255319149,0.7585106382978724,0.3351063829787234,0.9,1.1865357643758765,0.05268220914440924,2.414893617021277
5067,"frozenset({'Postpaid Platinum', 'Postpaid', 'Broadband Family'})",frozenset({'Broadband Premium'}),0.3382978723404255,0.7425531914893617,0.3351063829787234,0.9905660377358492,1.334000108125642,0.08390221819827975,27.289361702127984
5082,"frozenset({'Postpaid', 'Broadband Family', 'Postpaid Roaming'})",frozenset({'Broadband Premium'}),0.33085106382978724,0.7425531914893617,0.32659574468085106,0.9871382636655949,1.329383908088337,0.08092123132639203,20.016489361702153
5124,"frozenset({'Postpaid', 'Broadband Family', 'Wireless Broadband'})",frozenset({'Broadband Premium'}),0.3659574468085106,0.7425531914893617,0.3617021276595745,0.9883720930232559,1.331045512094356,0.08995925758261658,22.140425531915064
5137,"frozenset({'Postpaid Platinum', 'Broadband Premium', 'Postpaid Roaming'})",frozenset({'Broadband Family'}),0.4319148936170213,0.7585106382978724,0.40106382978723404,0.9285714285714285,1.224203566419555,0.0734517881394296,3.3808510638297835
5138,"frozenset({'Postpaid Platinum', 'Broadband Family', 'Postpaid Roaming'})",frozenset({'Broadband Premium'}),0.4095744680851064,0.7425531914893617,0.40106382978723404,0.9792207792207792,1.3187213932199606,0.09693300135808058,12.389627659574463
5142,"frozenset({'Postpaid Platinum', 'Postpaid Roaming'})","frozenset({'Broadband Premium', 'Broadband Family'})",0.44148936170212766,0.6031914893617021,0.40106382978723404,0.908433734939759,1.5060453454027751,0.13476120416478043,4.333566629339304
5165,"frozenset({'Postpaid Platinum', 'Broadband Premium', 'Prepaid International'})",frozenset({'Broadband Family'}),0.35212765957446807,0.7585106382978724,0.3202127659574468,0.9093655589123867,1.1988830650457833,0.05312019013128111,2.6644326241134744
5166,"frozenset({'Postpaid Platinum', 'Broadband Family', 'Prepaid International'})",frozenset({'Broadband Premium'}),0.33297872340425533,0.7425531914893617,0.3202127659574468,0.9616613418530351,1.2950740133837435,0.07295835219556357,6.715070921985806
5179,"frozenset({'Postpaid Platinum', 'Broadband Premium', 'Wireless Broadband'})",frozenset({'Broadband Family'}),0.4478723404255319,0.7585106382978724,0.4127659574468085,0.9216152019002375,1.2150326644968068,0.0730500226346763,3.080818826563506
5180,"frozenset({'Postpaid Platinum', 'Broadband Family', 'Wireless Broadband'})",frozenset({'Broadband Premium'}),0.42446808510638295,0.7425531914893617,0.4127659574468085,0.9724310776942356,1.3095776691011196,0.09757582616568583,9.338297872340444
5220,"frozenset({'Broadband Premium', 'Broadband Family', 'Postpaid Roaming'})",frozenset({'Wireless Broadband'}),0.45851063829787236,0.6202127659574468,0.42021276595744683,0.9164733178654293,1.477675675460555,0.135838614757809,4.546897163120571
5221,"frozenset({'Broadband Premium', 'Postpaid Roaming', 'Wireless Broadband'})",frozenset({'Broadband Family'}),0.4595744680851064,0.7585106382978724,0.42021276595744683,0.9143518518518519,1.205456859383928,0.07162064282480762,2.819551466359977
5222,"frozenset({'Broadband Family', 'Postpaid Roaming', 'Wireless Broadband'})",frozenset({'Broadband Premium'}),0.4297872340425532,0.7425531914893617,0.42021276595744683,0.9777227722772277,1.3167040199721978,0.10107288365776368,11.556501182033086
5264,"frozenset({'Broadband Premium', 'Wireless Broadband', 'Prepaid International'})",frozenset({'Broadband Family'}),0.3553191489361702,0.7585106382978724,0.32553191489361705,0.9161676646706587,1.2078507781071797,0.05601856043458581,2.8806231003039513
5265,"frozenset({'Broadband Family', 'Wireless Broadband', 'Prepaid International'})",frozenset({'Broadband Premium'}),0.3414893617021277,0.7425531914893617,0.32553191489361705,0.9532710280373832,1.2837747368984815,0.07195789950203713,5.509361702127658
5485,"frozenset({'Postpaid Platinum', 'F2H Fiber', 'DSL'})",frozenset({'Broadband Family'}),0.33085106382978724,0.7585106382978724,0.3170212765957447,0.9581993569131833,1.263264229310508,0.06606722498868267,5.777168576104742
5500,"frozenset({'F2H Fiber', 'Postpaid Roaming', 'DSL'})",frozenset({'Broadband Family'}),0.33297872340425533,0.7585106382978724,0.3170212765957447,0.952076677316294,1.2551922534043707,0.0644533725667723,5.039078014184401
5541,"frozenset({'F2H Fiber', 'Broadband Family', 'DSL'})",frozenset({'Wireless Broadband'}),0.3680851063829787,0.6202127659574468,0.3627659574468085,0.985549132947977,1.5890500599847313,0.13447487550928022,26.281276595744846
5542,"frozenset({'F2H Fiber', 'Wireless Broadband', 'DSL'})",frozenset({'Broadband Family'}),0.39574468085106385,0.7585106382978724,0.3627659574468085,0.9166666666666666,1.2085086489013557,0.0625894069714803,2.8978723404255304
5611,"frozenset({'Postpaid', 'Broadband Family', 'DSL'})",frozenset({'Wireless Broadband'}),0.33404255319148934,0.6202127659574468,0.3223404255319149,0.964968152866242,1.5558663185150388,0.11516296966953374,10.841199226305612
5612,"frozenset({'Postpaid', 'Wireless Broadband', 'DSL'})",frozenset({'Broadband Family'}),0.35319148936170214,0.7585106382978724,0.3223404255319149,0.9126506024096385,1.2032139779313606,0.054440923494794013,2.764636830520907
5626,"frozenset({'Postpaid Platinum', 'Postpaid Roaming', 'DSL'})",frozenset({'Broadband Family'}),0.3680851063829787,0.7585106382978724,0.35319148936170214,0.9595375722543353,1.2650284963801897,0.0739950203712087,5.96823708206688
5666,"frozenset({'Postpaid Platinum', 'Broadband Family', 'Wireless Broadband'})",frozenset({'DSL'}),0.42446808510638295,0.5468085106382978,0.3861702127659574,0.9097744360902256,1.6637898247564438,0.15406745133544592,5.022872340425533
5667,"frozenset({'Postpaid Platinum', 'Broadband Family', 'DSL'})",frozenset({'Wireless Broadband'}),0.39680851063829786,0.6202127659574468,0.3861702127659574,0.9731903485254692,1.569123374981031,0.14006450882752375,14.166063829787225
5668,"frozenset({'Postpaid Platinum', 'Wireless Broadband', 'DSL'})",frozenset({'Broadband Family'}),0.4085106382978723,0.7585106382978724,0.3861702127659574,0.9453125,1.246274544179523,0.07631054775916701,4.41580547112462
5672,"frozenset({'Postpaid Platinum', 'DSL'})","frozenset({'Broadband Family', 'Wireless Broadband'})",0.4223404255319149,0.526595744680851,0.3861702127659574,0.9143576826196472,1.7363560033585221,0.16376754187415118,5.527690863579466
5708,"frozenset({'Broadband Family', 'Postpaid Roaming', 'Wireless Broadband'})",frozenset({'DSL'}),0.4297872340425532,0.5468085106382978,0.3925531914893617,0.9133663366336633,1.670358670108256,0.15754187415119963,5.231124620060786
5709,"frozenset({'Broadband Family', 'Postpaid Roaming', 'DSL'})",frozenset({'Wireless Broadband'}),0.39787234042553193,0.6202127659574468,0.3925531914893617,0.9866310160427807,1.5907944340998523,0.14578768673607964,28.408085106382867
5710,"frozenset({'Postpaid Roaming', 'Wireless Broadband', 'DSL'})",frozenset({'Broadband Family'}),0.41702127659574467,0.7585106382978724,0.3925531914893617,0.9413265306122449,1.241019549474769,0.07623811679492981,4.115818686401481
5714,"frozenset({'Postpaid Roaming', 'DSL'})","frozenset({'Broadband Family', 'Wireless Broadband'})",0.425531914893617,0.526595744680851,0.3925531914893617,0.9225,1.751818181818182,0.1684698958804889,6.10844200411805
5750,"frozenset({'Broadband Family', 'Wireless Broadband', 'Prepaid International'})",frozenset({'DSL'}),0.3414893617021277,0.5468085106382978,0.31170212765957445,0.9127725856697818,1.6692728220420137,0.12497283838841103,5.195516717325221
5752,"frozenset({'Broadband Family', 'Prepaid International', 'DSL'})",frozenset({'Wireless Broadband'}),0.32659574468085106,0.6202127659574468,0.31170212765957445,0.9543973941368078,1.5388225565842184,0.10914327750113173,8.328191489361698
5753,"frozenset({'Wireless Broadband', 'Prepaid International', 'DSL'})",frozenset({'Broadband Family'}),0.3382978723404255,0.7585106382978724,0.31170212765957445,0.9213836477987422,1.2147273898047932,0.05509959257582614,3.0717446808510642
6477,"frozenset({'Postpaid Platinum', 'F2H Fiber', 'Postpaid Roaming'})",frozenset({'Broadband Family'}),0.3446808510638298,0.7585106382978724,0.32340425531914896,0.9382716049382717,1.2369920177306808,0.06196016296966955,3.912127659574472
6518,"frozenset({'Postpaid Platinum', 'F2H Fiber', 'Broadband Family'})",frozenset({'Wireless Broadband'}),0.3776595744680851,0.6202127659574468,0.3414893617021277,0.9042253521126761,1.4579276689295293,0.10726007243096425,3.9654255319148946
6519,"frozenset({'Postpaid Platinum', 'F2H Fiber', 'Wireless Broadband'})",frozenset({'Broadband Family'}),0.3627659574468085,0.7585106382978724,0.3414893617021277,0.9413489736070382,1.2410491377147488,0.06632752376641016,4.11739361702128
6560,"frozenset({'F2H Fiber', 'Broadband Family', 'Postpaid Roaming'})",frozenset({'Wireless Broadband'}),0.3606382978723404,0.6202127659574468,0.3372340425531915,0.9351032448377582,1.5077136366166257,0.11356156631960165,5.852176015473896
6561,"frozenset({'F2H Fiber', 'Postpaid Roaming', 'Wireless Broadband'})",frozenset({'Broadband Family'}),0.3617021276595745,0.7585106382978724,0.3372340425531915,0.9323529411764706,1.229189010807689,0.06287913082842916,3.569842738205366
6659,"frozenset({'Postpaid Platinum', 'Postpaid', 'Wireless Broadband'})",frozenset({'Broadband Family'}),0.32340425531914896,0.7585106382978724,0.3021276595744681,0.9342105263157894,1.231638001033439,0.05682209144409231,3.670638297872335
6700,"frozenset({'Postpaid', 'Broadband Family', 'Postpaid Roaming'})",frozenset({'Wireless Broadband'}),0.33085106382978724,0.6202127659574468,0.30851063829787234,0.932475884244373,1.503477411989212,0.10331258488003622,5.624468085106384
6701,"frozenset({'Postpaid', 'Postpaid Roaming', 'Wireless Broadband'})",frozenset({'Broadband Family'}),0.3372340425531915,0.7585106382978724,0.30851063829787234,0.9148264984227129,1.2060826206414448,0.05271502942507922,2.835263987391646
6784,"frozenset({'Postpaid Platinum', 'Broadband Family', 'Postpaid Roaming'})",frozenset({'Wireless Broadband'}),0.4095744680851064,0.6202127659574468,0.3776595744680851,0.922077922077922,1.4867122585818984,0.12363626075147127,4.873936170212764
6785,"frozenset({'Postpaid Platinum', 'Postpaid Roaming', 'Wireless Broadband'})",frozenset({'Broadband Family'}),0.39787234042553193,0.7585106382978724,0.3776595744680851,0.9491978609625669,1.2513968994457403,0.07586917157084655,4.753527435610304
7103,"frozenset({'Postpaid Platinum', 'F2H Fiber', 'DSL'})",frozenset({'Broadband Premium'}),0.33085106382978724,0.7425531914893617,0.32340425531914896,0.977491961414791,1.3163931858594606,0.07772974196468993,11.437993920972644
7118,"frozenset({'F2H Fiber', 'Postpaid Roaming', 'DSL'})",frozenset({'Broadband Premium'}),0.33297872340425533,0.7425531914893617,0.32659574468085106,0.9808306709265175,1.3208894422219577,0.07934133091896783,13.430141843971612
7159,"frozenset({'F2H Fiber', 'Broadband Premium', 'DSL'})",frozenset({'Wireless Broadband'}),0.3872340425531915,0.6202127659574468,0.37872340425531914,0.978021978021978,1.5769136523853504,0.1385559076505206,17.280319148936144
7160,"frozenset({'F2H Fiber', 'Wireless Broadband', 'DSL'})",frozenset({'Broadband Premium'}),0.39574468085106385,0.7425531914893617,0.37872340425531914,0.9569892473118279,1.288782080907046,0.08486192847442281,5.98563829787233
7164,"frozenset({'F2H Fiber', 'DSL'})","frozenset({'Broadband Premium', 'Wireless Broadband'})",0.4074468085106383,0.5702127659574469,0.37872340425531914,0.9295039164490861,1.630100151981606,0.14639203259393388,6.096611505122141
7188,"frozenset({'Postpaid', 'Postpaid Roaming', 'DSL'})",frozenset({'Broadband Premium'}),0.30638297872340425,0.7425531914893617,0.3021276595744681,0.986111111111111,1.3280006367398915,0.07462200090538704,18.536170212765875
7229,"frozenset({'Broadband Premium', 'Postpaid', 'DSL'})",frozenset({'Wireless Broadband'}),0.3606382978723404,0.6202127659574468,0.3478723404255319,0.9646017699115044,1.5552755809893897,0.12419986419194204,10.728989361702112
7230,"frozenset({'Postpaid', 'Wireless Broadband', 'DSL'})",frozenset({'Broadband Premium'}),0.35319148936170214,0.7425531914893617,0.3478723404255319,0.9849397590361445,1.3264231711948078,0.08560887279311902,17.094468085106296
7234,"frozenset({'Postpaid', 'DSL'})","frozenset({'Broadband Premium', 'Wireless Broadband'})",0.37127659574468086,0.5702127659574469,0.3478723404255319,0.9369627507163323,1.6431809434204334,0.13616568583069258,6.817988394584128
7244,"frozenset({'Postpaid Platinum', 'Postpaid Roaming', 'DSL'})",frozenset({'Broadband Premium'}),0.3680851063829787,0.7425531914893617,0.3606382978723404,0.9797687861271677,1.3194593967901684,0.08731552738795834,12.725227963525858
7285,"frozenset({'Postpaid Platinum', 'Broadband Premium', 'DSL'})",frozenset({'Wireless Broadband'}),0.4106382978723404,0.6202127659574468,0.39680851063829786,0.966321243523316,1.5580479741199265,0.14212539610683567,11.276759410801962
7286,"frozenset({'Postpaid Platinum', 'Wireless Broadband', 'DSL'})",frozenset({'Broadband Premium'}),0.4085106382978723,0.7425531914893617,0.39680851063829786,0.9713541666666667,1.3081273877745943,0.0934676324128565,8.987234042553213
7290,"frozenset({'Postpaid Platinum', 'DSL'})","frozenset({'Broadband Premium', 'Wireless Broadband'})",0.4223404255319149,0.5702127659574469,0.39680851063829786,0.9395465994962215,1.6477123200120303,0.15598460842009954,7.109397163120553
7327,"frozenset({'Broadband Premium', 'Postpaid Roaming', 'DSL'})",frozenset({'Wireless Broadband'}),0.4127659574468085,0.6202127659574468,0.4074468085106383,0.9871134020618557,1.591572209156337,0.15144409234947942,29.471489361702233
7329,"frozenset({'Postpaid Roaming', 'Wireless Broadband', 'DSL'})",frozenset({'Broadband Premium'}),0.41702127659574467,0.7425531914893617,0.4074468085106383,0.9770408163265306,1.3157856265715455,0.09778632865550024,11.21323877068558
7334,"frozenset({'Postpaid Roaming', 'DSL'})","frozenset({'Broadband Premium', 'Wireless Broadband'})",0.425531914893617,0.5702127659574469,0.4074468085106383,0.9575,1.6791977611940296,0.16480307831598007,10.112640801001255
7370,"frozenset({'Broadband Premium', 'Prepaid International', 'DSL'})",frozenset({'Wireless Broadband'}),0.33404255319148934,0.6202127659574468,0.3180851063829787,0.9522292993630573,1.5353268291617048,0.11090765052059756,7.950212765957449
7371,"frozenset({'Wireless Broadband', 'Prepaid International', 'DSL'})",frozenset({'Broadband Premium'}),0.3382978723404255,0.7425531914893617,0.3180851063829787,0.940251572327044,1.2662413724748158,0.06688094160253505,4.308846584546473
8069,"frozenset({'F2H Fiber', 'Postpaid', 'Wireless Broadband'})",frozenset({'Broadband Premium'}),0.32872340425531915,0.7425531914893617,0.32127659574468087,0.9773462783171522,1.3161969937222393,0.07718198279764601,11.364437689969627
8083,"frozenset({'Postpaid Platinum', 'F2H Fiber', 'Postpaid Roaming'})",frozenset({'Broadband Premium'}),0.3446808510638298,0.7425531914893617,0.3382978723404255,0.9814814814814814,1.321765891966465,0.08235400633770934,13.902127659574406
8125,"frozenset({'Postpaid Platinum', 'F2H Fiber', 'Wireless Broadband'})",frozenset({'Broadband Premium'}),0.3627659574468085,0.7425531914893617,0.35319148936170214,0.9736070381231672,1.3111613407389358,0.08381846989588049,9.754373522458637
8166,"frozenset({'F2H Fiber', 'Broadband Premium', 'Postpaid Roaming'})",frozenset({'Wireless Broadband'}),0.3861702127659574,0.6202127659574468,0.35319148936170214,0.9146005509641875,1.4746561199079524,0.11368379357175196,4.447185998627324
8168,"frozenset({'F2H Fiber', 'Postpaid Roaming', 'Wireless Broadband'})",frozenset({'Broadband Premium'}),0.3617021276595745,0.7425531914893617,0.35319148936170214,0.9764705882352941,1.315017697623462,0.08460842009959257,10.941489361702114
8223,"frozenset({'Postpaid Platinum', 'Postpaid', 'Postpaid Roaming'})",frozenset({'Broadband Premium'}),0.31063829787234043,0.7425531914893617,0.30851063829787234,0.9931506849315068,1.3374808650940062,0.07784517881394296,37.587234042553035
8265,"frozenset({'Postpaid Platinum', 'Postpaid', 'Wireless Broadband'})",frozenset({'Broadband Premium'}),0.32340425531914896,0.7425531914893617,0.3202127659574468,0.9901315789473684,1.3334150203589201,0.08006790402897235,26.08794326241119
8306,"frozenset({'Broadband Premium', 'Postpaid', 'Postpaid Roaming'})",frozenset({'Wireless Broadband'}),0.3648936170212766,0.6202127659574468,0.33404255319148934,0.9154518950437317,1.4760287844615916,0.10773087369850609,4.49196625091709
8308,"frozenset({'Postpaid', 'Postpaid Roaming', 'Wireless Broadband'})",frozenset({'Broadband Premium'}),0.3372340425531915,0.7425531914893617,0.33404255319148934,0.9905362776025236,1.3339600300091292,0.08362833861475777,27.203546099290627
8390,"frozenset({'Postpaid Platinum', 'Broadband Premium', 'Postpaid Roaming'})",frozenset({'Wireless Broadband'}),0.4319148936170213,0.6202127659574468,0.3904255319148936,0.9039408866995073,1.4574690111450033,0.12254640108646442,3.953682487725039
8392,"frozenset({'Postpaid Platinum', 'Postpaid Roaming', 'Wireless Broadband'})",frozenset({'Broadband Premium'}),0.39787234042553193,0.7425531914893617,0.3904255319148936,0.981283422459893,1.3214991649173344,0.0949841557265731,13.755015197568333
9251,"frozenset({'Postpaid Platinum', 'F2H Fiber', 'DSL'})",frozenset({'Wireless Broadband'}),0.33085106382978724,0.6202127659574468,0.32553191489361705,0.9839228295819936,1.5864278898920652,0.12033386147578093,23.622765957446884
9292,"frozenset({'F2H Fiber', 'Postpaid Roaming', 'Wireless Broadband'})",frozenset({'DSL'}),0.3617021276595745,0.5468085106382978,0.33085106382978724,0.9147058823529411,1.672808422980087,0.13306926210955183,5.313279530447541
9293,"frozenset({'F2H Fiber', 'Postpaid Roaming', 'DSL'})",frozenset({'Wireless Broadband'}),0.33297872340425533,0.6202127659574468,0.33085106382978724,0.9936102236421726,1.602047358874172,0.12433340878225443,59.436702127659835
9433,"frozenset({'Postpaid', 'Postpaid Roaming', 'DSL'})",frozenset({'Wireless Broadband'}),0.30638297872340425,0.6202127659574468,0.30106382978723406,0.982638888888889,1.584357728225653,0.11104119511090993,21.87574468085114
9516,"frozenset({'Postpaid Platinum', 'Postpaid Roaming', 'Wireless Broadband'})",frozenset({'DSL'}),0.39787234042553193,0.5468085106382978,0.3638297872340426,0.9144385026737968,1.6723194406874884,0.14626980534178363,5.296675531914894
9517,"frozenset({'Postpaid Platinum', 'Postpaid Roaming', 'DSL'})",frozenset({'Wireless Broadband'}),0.3680851063829787,0.6202127659574468,0.3638297872340426,0.9884393063583816,1.5937100308351264,0.1355387052965143,32.851595744681184
10986,"frozenset({'Postpaid Platinum', 'F2H Fiber', 'Postpaid Roaming'})",frozenset({'Wireless Broadband'}),0.3446808510638298,0.6202127659574468,0.3180851063829787,0.9228395061728395,1.4879401986320226,0.10430964237211407,4.922042553191489
25771,"frozenset({'Postpaid Platinum', 'F2H Fiber', 'Broadband Premium', 'DSL'})",frozenset({'Broadband Family'}),0.32340425531914896,0.7585106382978724,0.31063829787234043,0.9605263157894737,1.266332029231564,0.06533272974196466,6.117730496453898
25772,"frozenset({'Postpaid Platinum', 'F2H Fiber', 'Broadband Family', 'DSL'})",frozenset({'Broadband Premium'}),0.3170212765957447,0.7425531914893617,0.31063829787234043,0.9798657718120805,1.3195900078844636,0.07523313716613853,12.786524822694982
25777,"frozenset({'Postpaid Platinum', 'F2H Fiber', 'DSL'})","frozenset({'Broadband Premium', 'Broadband Family'})",0.33085106382978724,0.6031914893617021,0.31063829787234043,0.9389067524115755,1.5565649863613422,0.1110717519239475,6.495128779395292
25801,"frozenset({'F2H Fiber', 'Broadband Premium', 'Postpaid Roaming', 'DSL'})",frozenset({'Broadband Family'}),0.32659574468085106,0.7585106382978724,0.3127659574468085,0.9576547231270358,1.2625461987930064,0.06503961068356723,5.702864157119474
25802,"frozenset({'F2H Fiber', 'Broadband Family', 'Postpaid Roaming', 'DSL'})",frozenset({'Broadband Premium'}),0.3170212765957447,0.7425531914893617,0.3127659574468085,0.9865771812080537,1.3286282956096997,0.07736079674060661,19.17978723404258
25807,"frozenset({'F2H Fiber', 'Postpaid Roaming', 'DSL'})","frozenset({'Broadband Premium', 'Broadband Family'})",0.33297872340425533,0.6031914893617021,0.3127659574468085,0.939297124600639,1.5572121642409182,0.1119160253508375,6.536898096304591
25890,"frozenset({'F2H Fiber', 'Broadband Premium', 'Broadband Family', 'Wireless Broadband'})",frozenset({'DSL'}),0.3893617021276596,0.5468085106382978,0.35425531914893615,0.9098360655737704,1.6639025323722652,0.14134902670891805,5.026305609284328
25891,"frozenset({'F2H Fiber', 'Broadband Premium', 'Wireless Broadband', 'DSL'})",frozenset({'Broadband Family'}),0.37872340425531914,0.7585106382978724,0.35425531914893615,0.9353932584269663,1.233197283199647,0.06698958804889088,3.737835337650324
25892,"frozenset({'F2H Fiber', 'Broadband Family', 'Wireless Broadband', 'DSL'})",frozenset({'Broadband Premium'}),0.3627659574468085,0.7425531914893617,0.35425531914893615,0.9765395894428153,1.3151106218857398,0.0848822996831145,10.973670212765967
25894,"frozenset({'F2H Fiber', 'Broadband Premium', 'Broadband Family', 'DSL'})",frozenset({'Wireless Broadband'}),0.35851063829787233,0.6202127659574468,0.35425531914893615,0.9881305637982196,1.593212229794728,0.131902444545043,31.997074468085202
25902,"frozenset({'F2H Fiber', 'Broadband Premium', 'DSL'})","frozenset({'Broadband Family', 'Wireless Broadband'})",0.3872340425531915,0.526595744680851,0.35425531914893615,0.9148351648351648,1.7372627372627374,0.15033952014486193,5.558682223747425
25903,"frozenset({'F2H Fiber', 'Broadband Family', 'DSL'})","frozenset({'Broadband Premium', 'Wireless Broadband'})",0.3680851063829787,0.5702127659574469,0.35425531914893615,0.9624277456647399,1.687839703218014,0.14436849253055678,11.438952536824873
26042,"frozenset({'Postpaid', 'Broadband Premium', 'Wireless Broadband', 'DSL'})",frozenset({'Broadband Family'}),0.3478723404255319,0.7585106382978724,0.32127659574468087,0.9235474006116209,1.217580023246737,0.057411724762335914,3.158680851063833
26043,"frozenset({'Postpaid', 'Broadband Family', 'Wireless Broadband', 'DSL'})",frozenset({'Broadband Premium'}),0.3223404255319149,0.7425531914893617,0.32127659574468087,0.9966996699669968,1.3422603005286202,0.08192168401991853,78.00638297872509
26044,"frozenset({'Postpaid', 'Broadband Premium', 'Broadband Family', 'DSL'})",frozenset({'Wireless Broadband'}),0.33085106382978724,0.6202127659574468,0.32127659574468087,0.9710610932475885,1.565690270416352,0.11607854232684475,13.123758865248258
26050,"frozenset({'Postpaid', 'Wireless Broadband', 'DSL'})","frozenset({'Broadband Premium', 'Broadband Family'})",0.35319148936170214,0.6031914893617021,0.32127659574468087,0.9096385542168675,1.5080427530226728,0.108234495246718,4.391347517730496
26054,"frozenset({'Postpaid', 'Broadband Family', 'DSL'})","frozenset({'Broadband Premium', 'Wireless Broadband'})",0.33404255319148934,0.5702127659574469,0.32127659574468087,0.961783439490446,1.6867097632854835,0.13080126754187416,11.246099290780176
26071,"frozenset({'Postpaid Platinum', 'Broadband Premium', 'Postpaid Roaming', 'DSL'})",frozenset({'Broadband Family'}),0.3606382978723404,0.7585106382978724,0.3468085106382979,0.9616519174041298,1.2678159920895962,0.07326052512449072,6.297299509001639
26072,"frozenset({'Postpaid Platinum', 'Broadband Family', 'Postpaid Roaming', 'DSL'})",frozenset({'Broadband Premium'}),0.35319148936170214,0.7425531914893617,0.3468085106382979,0.9819277108433735,1.3223668312217352,0.084545043005885,14.245390070921983
26077,"frozenset({'Postpaid Platinum', 'Postpaid Roaming', 'DSL'})","frozenset({'Broadband Premium', 'Broadband Family'})",0.3680851063829787,0.6031914893617021,0.3468085106382979,0.9421965317919075,1.5620189415950496,0.1247827071072884,6.8647872340425575
26160,"frozenset({'Postpaid Platinum', 'Broadband Premium', 'Broadband Family', 'Wireless Broadband'})",frozenset({'DSL'}),0.4127659574468085,0.5468085106382978,0.37553191489361704,0.9097938144329898,1.6638252637490476,0.14982797645993667,5.023951367781161
26161,"frozenset({'Postpaid Platinum', 'Broadband Premium', 'Wireless Broadband', 'DSL'})",frozenset({'Broadband Family'}),0.39680851063829786,0.7585106382978724,0.37553191489361704,0.9463806970509384,1.2476828264065667,0.07454843820733364,4.503776595744687
26162,"frozenset({'Postpaid Platinum', 'Broadband Family', 'Wireless Broadband', 'DSL'})",frozenset({'Broadband Premium'}),0.3861702127659574,0.7425531914893617,0.37553191489361704,0.9724517906336089,1.3096055633174675,0.08877999094612948,9.345319148936188
26164,"frozenset({'Postpaid Platinum', 'Broadband Premium', 'Broadband Family', 'DSL'})",frozenset({'Wireless Broadband'}),0.3861702127659574,0.6202127659574468,0.37553191489361704,0.9724517906336089,1.567932561227431,0.13602421910366685,13.78627659574471
26167,"frozenset({'Postpaid Platinum', 'Wireless Broadband', 'DSL'})","frozenset({'Broadband Premium', 'Broadband Family'})",0.4085106382978723,0.6031914893617021,0.37553191489361704,0.9192708333333334,1.5240116108171666,0.12912177455862386,4.915305422100209
26172,"frozenset({'Postpaid Platinum', 'Broadband Premium', 'DSL'})","frozenset({'Broadband Family', 'Wireless Broadband'})",0.4106382978723404,0.526595744680851,0.37553191489361704,0.9145077720207254,1.7366410216151151,0.15929153463105483,5.537395228884593
26173,"frozenset({'Postpaid Platinum', 'Broadband Family', 'DSL'})","frozenset({'Broadband Premium', 'Wireless Broadband'})",0.39680851063829786,0.5702127659574469,0.37553191489361704,0.9463806970509384,1.6596974910967948,0.14926663648709823,8.015531914893627
26250,"frozenset({'Postpaid Roaming', 'Broadband Premium', 'Broadband Family', 'Wireless Broadband'})",frozenset({'DSL'}),0.42021276595744683,0.5468085106382978,0.3851063829787234,0.9164556962025316,1.6760084716544354,0.15533046627433228,5.424564796905223
26251,"frozenset({'Postpaid Roaming', 'Broadband Premium', 'Wireless Broadband', 'DSL'})",frozenset({'Broadband Family'}),0.4074468085106383,0.7585106382978724,0.3851063829787234,0.9451697127937336,1.2460862973718227,0.07605364418288818,4.404305977710228
26252,"frozenset({'Postpaid Roaming', 'Broadband Family', 'Wireless Broadband', 'DSL'})",frozenset({'Broadband Premium'}),0.3925531914893617,0.7425531914893617,0.3851063829787234,0.981029810298103,1.3211576241836918,0.09361475780896333,13.571124620060795
26254,"frozenset({'Broadband Premium', 'Broadband Family', 'Postpaid Roaming', 'DSL'})",frozenset({'Wireless Broadband'}),0.3882978723404255,0.6202127659574468,0.3851063829787234,0.9917808219178083,1.5990977231607886,0.14427908555907654,46.20744680851083
26257,"frozenset({'Postpaid Roaming', 'Wireless Broadband', 'DSL'})","frozenset({'Broadband Premium', 'Broadband Family'})",0.41702127659574467,0.6031914893617021,0.3851063829787234,0.923469387755102,1.5309721772306808,0.13356269805341786,5.18496453900709
26262,"frozenset({'Broadband Premium', 'Postpaid Roaming', 'DSL'})","frozenset({'Broadband Family', 'Wireless Broadband'})",0.4127659574468085,0.526595744680851,0.3851063829787234,0.9329896907216495,1.7717379985421224,0.16774558623811683,7.064648117839609
26263,"frozenset({'Broadband Family', 'Postpaid Roaming', 'DSL'})","frozenset({'Broadband Premium', 'Wireless Broadband'})",0.39787234042553193,0.5702127659574469,0.3851063829787234,0.9679144385026738,1.6974618884188681,0.15823449524671795,13.395035460992899
26271,"frozenset({'Postpaid Roaming', 'DSL'})","frozenset({'Broadband Premium', 'Broadband Family', 'Wireless Broadband'})",0.425531914893617,0.498936170212766,0.3851063829787234,0.905,1.813859275053305,0.17279311905839745,5.274356103023518
27948,"frozenset({'Postpaid Platinum', 'F2H Fiber', 'Broadband Premium', 'Postpaid Roaming'})",frozenset({'Broadband Family'}),0.3382978723404255,0.7585106382978724,0.3180851063829787,0.940251572327044,1.2396023534185434,0.061482571299230404,4.041769316909296
27949,"frozenset({'Postpaid Platinum', 'F2H Fiber', 'Broadband Family', 'Postpaid Roaming'})",frozenset({'Broadband Premium'}),0.32340425531914896,0.7425531914893617,0.3180851063829787,0.9835526315789472,1.324555119891419,0.07794024445450426,15.652765957446679
27951,"frozenset({'F2H Fiber', 'Broadband Premium', 'Broadband Family', 'Postpaid Roaming'})",frozenset({'Postpaid Platinum'}),0.35212765957446807,0.5553191489361702,0.3180851063829787,0.9033232628398792,1.6266740748457595,0.12254187415119966,4.599667553191491
27953,"frozenset({'Postpaid Platinum', 'F2H Fiber', 'Postpaid Roaming'})","frozenset({'Broadband Premium', 'Broadband Family'})",0.3446808510638298,0.6031914893617021,0.3180851063829787,0.9228395061728395,1.529927929104884,0.1101765504753282,5.14263829787234
28038,"frozenset({'Postpaid Platinum', 'F2H Fiber', 'Broadband Premium', 'Wireless Broadband'})",frozenset({'Broadband Family'}),0.35319148936170214,0.7585106382978724,0.33404255319148934,0.9457831325301204,1.2468950134338193,0.06614305115436847,4.4541371158392336
28039,"frozenset({'Postpaid Platinum', 'F2H Fiber', 'Broadband Family', 'Wireless Broadband'})",frozenset({'Broadband Premium'}),0.3414893617021277,0.7425531914893617,0.33404255319148934,0.9781931464174454,1.3173374751180496,0.08046853779990942,11.80577507598778
28042,"frozenset({'Postpaid Platinum', 'F2H Fiber', 'Broadband Premium', 'Broadband Family'})",frozenset({'Wireless Broadband'}),0.3680851063829787,0.6202127659574468,0.33404255319148934,0.9075144508670521,1.4632308470240634,0.10575147125396106,4.106449468085109
28043,"frozenset({'Postpaid Platinum', 'F2H Fiber', 'Wireless Broadband'})","frozenset({'Broadband Premium', 'Broadband Family'})",0.3627659574468085,0.6031914893617021,0.33404255319148934,0.9208211143695014,1.5265817416355052,0.1152252150294251,5.011544523246649
28128,"frozenset({'Postpaid Roaming', 'Broadband Premium', 'Wireless Broadband', 'F2H Fiber'})",frozenset({'Broadband Family'}),0.35319148936170214,0.7585106382978724,0.33191489361702126,0.9397590361445782,1.2389530069788268,0.06401539157990038,4.0087234042553135
28129,"frozenset({'Postpaid Roaming', 'Broadband Family', 'Wireless Broadband', 'F2H Fiber'})",frozenset({'Broadband Premium'}),0.3372340425531915,0.7425531914893617,0.33191489361702126,0.9842271293375393,1.325463469308434,0.08150067904028968,16.32212765957434
28132,"frozenset({'F2H Fiber', 'Broadband Premium', 'Broadband Family', 'Postpaid Roaming'})",frozenset({'Wireless Broadband'}),0.35212765957446807,0.6202127659574468,0.33191489361702126,0.9425981873111783,1.5197981064708534,0.11352082390221821,6.6162933930571155
28133,"frozenset({'Postpaid Roaming', 'Wireless Broadband', 'F2H Fiber'})","frozenset({'Broadband Premium', 'Broadband Family'})",0.3617021276595745,0.6031914893617021,0.33191489361702126,0.9176470588235293,1.5213196389666976,0.11373924852874603,4.8183890577507515
28140,"frozenset({'F2H Fiber', 'Broadband Family', 'Postpaid Roaming'})","frozenset({'Broadband Premium', 'Wireless Broadband'})",0.3606382978723404,0.5702127659574469,0.33191489361702126,0.9203539823008849,1.614053625676925,0.1262743322770484,5.396217494089833
28339,"frozenset({'Postpaid Platinum', 'Postpaid', 'Broadband Premium', 'Wireless Broadband'})",frozenset({'Broadband Family'}),0.3202127659574468,0.7585106382978724,0.3,0.9368770764119602,1.235153508874113,0.0571152105024898,3.825699888017919
28340,"frozenset({'Postpaid Platinum', 'Postpaid', 'Broadband Family', 'Wireless Broadband'})",frozenset({'Broadband Premium'}),0.3021276595744681,0.7425531914893617,0.3,0.9929577464788732,1.33722103394003,0.0756541421457673,36.55744680851068
28345,"frozenset({'Postpaid Platinum', 'Postpaid', 'Wireless Broadband'})","frozenset({'Broadband Premium', 'Broadband Family'})",0.32340425531914896,0.6031914893617021,0.3,0.9276315789473684,1.5378724589250905,0.10492530556813037,5.48317214700193
28429,"frozenset({'Postpaid Roaming', 'Postpaid', 'Broadband Premium', 'Wireless Broadband'})",frozenset({'Broadband Family'}),0.33404255319148934,0.7585106382978724,0.3074468085106383,0.9203821656050957,1.2134070626490743,0.05407197827071075,3.0331063829787284
28430,"frozenset({'Postpaid Roaming', 'Postpaid', 'Broadband Family', 'Wireless Broadband'})",frozenset({'Broadband Premium'}),0.30851063829787234,0.7425531914893617,0.3074468085106383,0.9965517241379311,1.3420610611599646,0.07836124943413311,74.65957446808736
28432,"frozenset({'Postpaid', 'Broadband Premium', 'Broadband Family', 'Postpaid Roaming'})",frozenset({'Wireless Broadband'}),0.32659574468085106,0.6202127659574468,0.3074468085106383,0.9413680781758959,1.5178147401120792,0.10488795835219561,6.477482269503556
28435,"frozenset({'Postpaid Roaming', 'Postpaid', 'Wireless Broadband'})","frozenset({'Broadband Premium', 'Broadband Family'})",0.3372340425531915,0.6031914893617021,0.3074468085106383,0.9116719242902208,1.5114137721919005,0.10403010411951114,4.492439209726444
28441,"frozenset({'Postpaid', 'Broadband Family', 'Postpaid Roaming'})","frozenset({'Broadband Premium', 'Wireless Broadband'})",0.33085106382978724,0.5702127659574469,0.3074468085106383,0.9292604501607717,1.6296731775207562,0.11879130828429155,6.07562862669246
28608,"frozenset({'Postpaid Platinum', 'Postpaid Roaming', 'Broadband Premium', 'Wireless Broadband'})",frozenset({'Broadband Family'}),0.3904255319148936,0.7585106382978724,0.37127659574468086,0.9509536784741145,1.2537117219714833,0.07513467632412857,4.923699763593386
28609,"frozenset({'Postpaid Platinum', 'Postpaid Roaming', 'Broadband Family', 'Wireless Broadband'})",frozenset({'Broadband Premium'}),0.3776595744680851,0.7425531914893617,0.37127659574468086,0.9830985915492958,1.323943661971831,0.09084427342689,15.232269503546119
28612,"frozenset({'Postpaid Platinum', 'Broadband Premium', 'Broadband Family', 'Postpaid Roaming'})",frozenset({'Wireless Broadband'}),0.40106382978723404,0.6202127659574468,0.37127659574468086,0.9257294429708223,1.4925997879803996,0.12253168854685381,5.113563829787234
28613,"frozenset({'Postpaid Platinum', 'Postpaid Roaming', 'Wireless Broadband'})","frozenset({'Broadband Premium', 'Broadband Family'})",0.39787234042553193,0.6031914893617021,0.37127659574468086,0.9331550802139037,1.5470295862452725,0.13128338614757812,5.936255319148933
28620,"frozenset({'Postpaid Platinum', 'Broadband Family', 'Postpaid Roaming'})","frozenset({'Broadband Premium', 'Wireless Broadband'})",0.4095744680851064,0.5702127659574469,0.37127659574468086,0.9064935064935065,1.5897460748207015,0.1377320054323223,4.5963356973995255
30520,"frozenset({'Postpaid Platinum', 'F2H Fiber', 'Broadband Family', 'Wireless Broadband'})",frozenset({'DSL'}),0.3414893617021277,0.5468085106382978,0.31382978723404253,0.9190031152647974,1.6806671757760887,0.12710049796287912,5.595171849427161
30521,"frozenset({'Postpaid Platinum', 'F2H Fiber', 'Wireless Broadband', 'DSL'})",frozenset({'Broadband Family'}),0.32553191489361705,0.7585106382978724,0.31382978723404253,0.9640522875816993,1.2709805754934043,0.0669103666817564,6.717794970986442
30524,"frozenset({'Postpaid Platinum', 'F2H Fiber', 'Broadband Family', 'DSL'})",frozenset({'Wireless Broadband'}),0.3170212765957447,0.6202127659574468,0.31382978723404253,0.9899328859060401,1.5961182036906993,0.11720914440923494,37.72553191489305
30532,"frozenset({'Postpaid Platinum', 'F2H Fiber', 'DSL'})","frozenset({'Broadband Family', 'Wireless Broadband'})",0.33085106382978724,0.526595744680851,0.31382978723404253,0.9485530546623794,1.801292669459872,0.13960502489814394,9.201795212765951
30610,"frozenset({'Postpaid Roaming', 'Broadband Family', 'Wireless Broadband', 'F2H Fiber'})",frozenset({'DSL'}),0.3372340425531915,0.5468085106382978,0.3159574468085106,0.9369085173501577,1.7134124636364754,0.1315550022634676,7.183085106382974
30611,"frozenset({'DSL', 'Postpaid Roaming', 'Wireless Broadband', 'F2H Fiber'})",frozenset({'Broadband Family'}),0.33085106382978724,0.7585106382978724,0.3159574468085106,0.9549839228295819,1.2590250876014122,0.0650033952014486,5.364513677811537
30614,"frozenset({'F2H Fiber', 'Broadband Family', 'Postpaid Roaming', 'DSL'})",frozenset({'Wireless Broadband'}),0.3170212765957447,0.6202127659574468,0.3159574468085106,0.9966442953020134,1.6069393440547044,0.11933680398370303,113.17659574467915
30622,"frozenset({'F2H Fiber', 'Postpaid Roaming', 'DSL'})","frozenset({'Broadband Family', 'Wireless Broadband'})",0.33297872340425533,0.526595744680851,0.3159574468085106,0.9488817891373801,1.8019169329073481,0.14061226799456766,9.260970744680833
31090,"frozenset({'Postpaid Platinum', 'Postpaid Roaming', 'Broadband Family', 'Wireless Broadband'})",frozenset({'DSL'}),0.3776595744680851,0.5468085106382978,0.35,0.9267605633802816,1.6948539485942893,0.14349253055681302,6.187806873977077
31091,"frozenset({'Postpaid Platinum', 'Postpaid Roaming', 'Wireless Broadband', 'DSL'})",frozenset({'Broadband Family'}),0.3638297872340426,0.7585106382978724,0.35,0.9619883040935672,1.268259475242571,0.07403123585332727,6.353027823240575
31093,"frozenset({'Postpaid Platinum', 'Broadband Family', 'Wireless Broadband', 'DSL'})",frozenset({'Postpaid Roaming'}),0.3861702127659574,0.5425531914893617,0.35,0.90633608815427,1.670501809539243,0.14048211860570395,4.883917396745936
31094,"frozenset({'Postpaid Platinum', 'Broadband Family', 'Postpaid Roaming', 'DSL'})",frozenset({'Wireless Broadband'}),0.35319148936170214,0.6202127659574468,0.35,0.9909638554216866,1.5977804873008328,0.13094612947034856,42.02978723404203
31102,"frozenset({'Postpaid Platinum', 'Postpaid Roaming', 'DSL'})","frozenset({'Broadband Family', 'Wireless Broadband'})",0.3680851063829787,0.526595744680851,0.35,0.9508670520231214,1.8056869270742104,0.15616794929832503,9.635168961201503
34360,"frozenset({'Postpaid Platinum', 'Postpaid Roaming', 'Wireless Broadband', 'F2H Fiber'})",frozenset({'Broadband Family'}),0.3180851063829787,0.7585106382978724,0.30531914893617024,0.9598662207357861,1.2654617776881332,0.06404821186057041,6.0171099290780345
34362,"frozenset({'Postpaid Roaming', 'Broadband Family', 'Wireless Broadband', 'F2H Fiber'})",frozenset({'Postpaid Platinum'}),0.3372340425531915,0.5553191489361702,0.30531914893617024,0.9053627760252366,1.6303467614247558,0.11804662743322772,4.698794326241137
34364,"frozenset({'Postpaid Platinum', 'F2H Fiber', 'Broadband Family', 'Postpaid Roaming'})",frozenset({'Wireless Broadband'}),0.32340425531914896,0.6202127659574468,0.30531914893617024,0.944078947368421,1.522185609822154,0.10473970122227255,6.791489361702124
36714,"frozenset({'Postpaid Platinum', 'F2H Fiber', 'Broadband Premium', 'Wireless Broadband'})",frozenset({'DSL'}),0.35319148936170214,0.5468085106382978,0.3180851063829787,0.9006024096385542,1.6470160798837374,0.12495699411498415,4.559381044487427
36715,"frozenset({'Postpaid Platinum', 'F2H Fiber', 'Wireless Broadband', 'DSL'})",frozenset({'Broadband Premium'}),0.32553191489361705,0.7425531914893617,0.3180851063829787,0.9771241830065358,1.3158978968855926,0.07636034404708009,11.254103343464976
36718,"frozenset({'Postpaid Platinum', 'F2H Fiber', 'Broadband Premium', 'DSL'})",frozenset({'Wireless Broadband'}),0.32340425531914896,0.6202127659574468,0.3180851063829787,0.9835526315789472,1.5858310011736028,0.11750565866908103,23.091063829787046
36726,"frozenset({'Postpaid Platinum', 'F2H Fiber', 'DSL'})","frozenset({'Broadband Premium', 'Wireless Broadband'})",0.33085106382978724,0.5702127659574469,0.3180851063829787,0.9614147909967845,1.686063252867495,0.12942960615663193,11.138652482269485
36804,"frozenset({'Postpaid Roaming', 'Broadband Premium', 'Wireless Broadband', 'F2H Fiber'})",frozenset({'DSL'}),0.35319148936170214,0.5468085106382978,0.324468085106383,0.9186746987951807,1.68006656978107,0.1313399728383884,5.5725768321513
36805,"frozenset({'DSL', 'Postpaid Roaming', 'Wireless Broadband', 'F2H Fiber'})",frozenset({'Broadband Premium'}),0.33085106382978724,0.7425531914893617,0.324468085106383,0.9807073954983923,1.3207234266024193,0.07879357175192395,13.34432624113473
36808,"frozenset({'F2H Fiber', 'Broadband Premium', 'Postpaid Roaming', 'DSL'})",frozenset({'Wireless Broadband'}),0.32659574468085106,0.6202127659574468,0.324468085106383,0.993485342019544,1.601846006000637,0.12190923494794026,58.29734042553189
36816,"frozenset({'F2H Fiber', 'Postpaid Roaming', 'DSL'})","frozenset({'Broadband Premium', 'Wireless Broadband'})",0.33297872340425533,0.5702127659574469,0.324468085106383,0.9744408945686901,1.7089075389824042,0.1345993662290629,16.815425531914894
37284,"frozenset({'Postpaid Platinum', 'Postpaid Roaming', 'Broadband Premium', 'Wireless Broadband'})",frozenset({'DSL'}),0.3904255319148936,0.5468085106382978,0.35638297872340424,0.9128065395095368,1.6693349166127718,0.14289497510185606,5.197539893617025
37285,"frozenset({'Postpaid Platinum', 'Postpaid Roaming', 'Wireless Broadband', 'DSL'})",frozenset({'Broadband Premium'}),0.3638297872340426,0.7425531914893617,0.35638297872340424,0.9795321637426899,1.3191407362723904,0.0862200090538705,12.57811550151967
37288,"frozenset({'Postpaid Platinum', 'Broadband Premium', 'Postpaid Roaming', 'DSL'})",frozenset({'Wireless Broadband'}),0.3606382978723404,0.6202127659574468,0.35638297872340424,0.9882005899705014,1.5933251364876009,0.1327105024898144,32.18696808510624
37296,"frozenset({'Postpaid Platinum', 'Postpaid Roaming', 'DSL'})","frozenset({'Broadband Premium', 'Wireless Broadband'})",0.3680851063829787,0.5702127659574469,0.35638297872340424,0.9682080924855492,1.6979768786127167,0.14649615210502487,13.518762088974873
40534,"frozenset({'Postpaid Platinum', 'Postpaid Roaming', 'Wireless Broadband', 'F2H Fiber'})",frozenset({'Broadband Premium'}),0.3180851063829787,0.7425531914893617,0.3127659574468085,0.9832775919732442,1.3241847227146841,0.07657084653689453,15.39531914893618
40538,"frozenset({'Postpaid Platinum', 'F2H Fiber', 'Broadband Premium', 'Postpaid Roaming'})",frozenset({'Wireless Broadband'}),0.3382978723404255,0.6202127659574468,0.3127659574468085,0.9245283018867925,1.4906631282565779,0.10294929832503397,5.032180851063831
40545,"frozenset({'Postpaid Platinum', 'F2H Fiber', 'Postpaid Roaming'})","frozenset({'Broadband Premium', 'Wireless Broadband'})",0.3446808510638298,0.5702127659574469,0.3127659574468085,0.9074074074074074,1.5913488114980652,0.11622453598913535,4.641702127659576
91402,"frozenset({'Wireless Broadband', 'Postpaid Platinum', 'F2H Fiber', 'Broadband Premium', 'Broadband Family'})",frozenset({'DSL'}),0.33404255319148934,0.5468085106382978,0.3074468085106383,0.9203821656050957,1.6831891744528988,0.12478949751018564,5.692085106382988
91403,"frozenset({'Wireless Broadband', 'Postpaid Platinum', 'F2H Fiber', 'Broadband Premium', 'DSL'})",frozenset({'Broadband Family'}),0.3180851063829787,0.7585106382978724,0.3074468085106383,0.9665551839464884,1.2742803266615697,0.0661758714350385,7.2205319148936455
91404,"frozenset({'Wireless Broadband', 'Postpaid Platinum', 'F2H Fiber', 'Broadband Family', 'DSL'})",frozenset({'Broadband Premium'}),0.31382978723404253,0.7425531914893617,0.3074468085106383,0.9796610169491526,1.3193142635131854,0.07441149841557268,12.657801418439776
91407,"frozenset({'Postpaid Platinum', 'F2H Fiber', 'Broadband Premium', 'Broadband Family', 'DSL'})",frozenset({'Wireless Broadband'}),0.31063829787234043,0.6202127659574468,0.3074468085106383,0.9897260273972603,1.5957846753918092,0.11478497057492082,36.965957446808765
91409,"frozenset({'Postpaid Platinum', 'F2H Fiber', 'Broadband Family', 'Wireless Broadband'})","frozenset({'Broadband Premium', 'DSL'})",0.3414893617021277,0.5063829787234042,0.3074468085106383,0.9003115264797508,1.7779261237205164,0.13452240832956092,4.951595744680851
91410,"frozenset({'Postpaid Platinum', 'F2H Fiber', 'Wireless Broadband', 'DSL'})","frozenset({'Broadband Premium', 'Broadband Family'})",0.32553191489361705,0.6031914893617021,0.3074468085106383,0.9444444444444444,1.565745639819714,0.11108872793119062,7.142553191489359
91419,"frozenset({'Postpaid Platinum', 'F2H Fiber', 'Broadband Premium', 'DSL'})","frozenset({'Broadband Family', 'Wireless Broadband'})",0.32340425531914896,0.526595744680851,0.3074468085106383,0.9506578947368421,1.805289739500266,0.137143503847895,9.59432624113476
91420,"frozenset({'Postpaid Platinum', 'F2H Fiber', 'Broadband Family', 'DSL'})","frozenset({'Broadband Premium', 'Wireless Broadband'})",0.3170212765957447,0.5702127659574469,0.3074468085106383,0.9697986577181209,1.700766302714615,0.12667722951561794,14.23073286052014
91435,"frozenset({'Postpaid Platinum', 'F2H Fiber', 'DSL'})","frozenset({'Broadband Premium', 'Broadband Family', 'Wireless Broadband'})",0.33085106382978724,0.498936170212766,0.3074468085106383,0.9292604501607717,1.862483631452293,0.1423732458125849,7.083220502901359
91588,"frozenset({'Wireless Broadband', 'Postpaid Roaming', 'F2H Fiber', 'Broadband Premium', 'Broadband Family'})",frozenset({'DSL'}),0.33191489361702126,0.5468085106382978,0.31170212765957445,0.9391025641025641,1.717424922677841,0.13020823902218198,7.441881298992161
91589,"frozenset({'Wireless Broadband', 'Postpaid Roaming', 'F2H Fiber', 'Broadband Premium', 'DSL'})",frozenset({'Broadband Family'}),0.324468085106383,0.7585106382978724,0.31170212765957445,0.960655737704918,1.2665026555997516,0.06558963331824352,6.137854609929067
91590,"frozenset({'Wireless Broadband', 'Postpaid Roaming', 'F2H Fiber', 'Broadband Family', 'DSL'})",frozenset({'Broadband Premium'}),0.3159574468085106,0.7425531914893617,0.31170212765957445,0.9865319865319865,1.3285674317192941,0.07708691715708463,19.115425531914823
91593,"frozenset({'Postpaid Roaming', 'F2H Fiber', 'Broadband Premium', 'Broadband Family', 'DSL'})",frozenset({'Wireless Broadband'}),0.3127659574468085,0.6202127659574468,0.31170212765957445,0.9965986394557822,1.606865730854949,0.11772068809416023,111.65744680850688
91595,"frozenset({'Postpaid Roaming', 'Broadband Family', 'Wireless Broadband', 'F2H Fiber'})","frozenset({'Broadband Premium', 'DSL'})",0.3372340425531915,0.5063829787234042,0.31170212765957445,0.9242902208201892,1.8252790075020544,0.14093254866455407,6.519858156028362
91596,"frozenset({'DSL', 'Postpaid Roaming', 'Wireless Broadband', 'F2H Fiber'})","frozenset({'Broadband Premium', 'Broadband Family'})",0.33085106382978724,0.6031914893617021,0.31170212765957445,0.9421221864951768,1.561895688369429,0.11213558171118151,6.8559692671394705
91605,"frozenset({'F2H Fiber', 'Broadband Premium', 'Postpaid Roaming', 'DSL'})","frozenset({'Broadband Family', 'Wireless Broadband'})",0.32659574468085106,0.526595744680851,0.31170212765957445,0.9543973941368078,1.8123910110880797,0.1397181982797646,10.38107902735562
91606,"frozenset({'F2H Fiber', 'Broadband Family', 'Postpaid Roaming', 'DSL'})","frozenset({'Broadband Premium', 'Wireless Broadband'})",0.3170212765957447,0.5702127659574469,0.31170212765957445,0.983221476510067,1.7243063207452665,0.13093254866455406,25.61531914893595
91621,"frozenset({'F2H Fiber', 'Postpaid Roaming', 'DSL'})","frozenset({'Broadband Premium', 'Broadband Family', 'Wireless Broadband'})",0.33297872340425533,0.498936170212766,0.31170212765957445,0.9361022364217252,1.876196380035014,0.14556699864191938,7.841648936170206
92580,"frozenset({'Wireless Broadband', 'Postpaid Roaming', 'Postpaid Platinum', 'Broadband Premium', 'Broadband Family'})",frozenset({'DSL'}),0.37127659574468086,0.5468085106382978,0.34361702127659577,0.9255014326647565,1.6925512581806832,0.14059981892258944,6.083224222585929
92581,"frozenset({'Wireless Broadband', 'Postpaid Roaming', 'Postpaid Platinum', 'Broadband Premium', 'DSL'})",frozenset({'Broadband Family'}),0.35638297872340424,0.7585106382978724,0.34361702127659577,0.964179104477612,1.2711477674739906,0.07329674060660935,6.741578014184411
92582,"frozenset({'Wireless Broadband', 'Postpaid Roaming', 'Postpaid Platinum', 'Broadband Family', 'DSL'})",frozenset({'Broadband Premium'}),0.35,0.7425531914893617,0.34361702127659577,0.9817629179331309,1.3221449038067952,0.08372340425531916,14.116666666666793
92584,"frozenset({'Wireless Broadband', 'Postpaid Platinum', 'Broadband Premium', 'Broadband Family', 'DSL'})",frozenset({'Postpaid Roaming'}),0.37553191489361704,0.5425531914893617,0.34361702127659577,0.9150141643059491,1.6864966949952789,0.13987098234495252,5.382624113475181
92585,"frozenset({'Postpaid Roaming', 'Postpaid Platinum', 'Broadband Premium', 'Broadband Family', 'DSL'})",frozenset({'Wireless Broadband'}),0.3468085106382979,0.6202127659574468,0.34361702127659577,0.99079754601227,1.597512338338823,0.12852195563603444,41.27021276595769
92587,"frozenset({'Postpaid Platinum', 'Postpaid Roaming', 'Broadband Family', 'Wireless Broadband'})","frozenset({'Broadband Premium', 'DSL'})",0.3776595744680851,0.5063829787234042,0.34361702127659577,0.9098591549295775,1.7967806841046279,0.15237664101403353,5.476063829787235
92588,"frozenset({'Postpaid Platinum', 'Postpaid Roaming', 'Wireless Broadband', 'DSL'})","frozenset({'Broadband Premium', 'Broadband Family'})",0.3638297872340426,0.6031914893617021,0.34361702127659577,0.9444444444444444,1.565745639819714,0.12415799004074243,7.142553191489359
92597,"frozenset({'Postpaid Platinum', 'Broadband Premium', 'Postpaid Roaming', 'DSL'})","frozenset({'Broadband Family', 'Wireless Broadband'})",0.3606382978723404,0.526595744680851,0.34361702127659577,0.952802359882006,1.8093620571496682,0.1537064282480761,10.030252659574494
92598,"frozenset({'Postpaid Platinum', 'Broadband Family', 'Postpaid Roaming', 'DSL'})","frozenset({'Broadband Premium', 'Wireless Broadband'})",0.35319148936170214,0.5702127659574469,0.34361702127659577,0.9728915662650602,1.706190433375292,0.14222272521502943,15.854373522458625
92613,"frozenset({'Postpaid Platinum', 'Postpaid Roaming', 'DSL'})","frozenset({'Broadband Premium', 'Broadband Family', 'Wireless Broadband'})",0.3680851063829787,0.498936170212766,0.34361702127659577,0.9335260115606938,1.871032944279429,0.15996604798551384,7.5377428307123235
99414,"frozenset({'Wireless Broadband', 'Postpaid Roaming', 'Postpaid Platinum', 'F2H Fiber', 'Broadband Premium'})",frozenset({'Broadband Family'}),0.3127659574468085,0.7585106382978724,0.30106382978723406,0.9625850340136055,1.2690461879001251,0.06382752376641015,6.4543520309477875
99415,"frozenset({'Wireless Broadband', 'Postpaid Roaming', 'Postpaid Platinum', 'F2H Fiber', 'Broadband Family'})",frozenset({'Broadband Premium'}),0.30531914893617024,0.7425531914893617,0.30106382978723406,0.9860627177700348,1.3279354651917374,0.07434812132186508,18.4718085106383
99417,"frozenset({'Wireless Broadband', 'Postpaid Roaming', 'F2H Fiber', 'Broadband Premium', 'Broadband Family'})",frozenset({'Postpaid Platinum'}),0.33191489361702126,0.5553191489361702,0.30106382978723406,0.9070512820512822,1.6333873661459872,0.11674513354459035,4.784152604548796
99418,"frozenset({'Wireless Broadband', 'Postpaid Platinum', 'F2H Fiber', 'Broadband Premium', 'Broadband Family'})",frozenset({'Postpaid Roaming'}),0.33404255319148934,0.5425531914893617,0.30106382978723406,0.9012738853503186,1.6611714749594109,0.11982797645993667,4.633493479752924
99419,"frozenset({'Postpaid Roaming', 'Postpaid Platinum', 'F2H Fiber', 'Broadband Premium', 'Broadband Family'})",frozenset({'Wireless Broadband'}),0.3180851063829787,0.6202127659574468,0.30106382978723406,0.9464882943143814,1.5260703201638397,0.10378338614757812,7.097273936170232
99420,"frozenset({'Postpaid Platinum', 'Postpaid Roaming', 'Wireless Broadband', 'F2H Fiber'})","frozenset({'Broadband Premium', 'Broadband Family'})",0.3180851063829787,0.6031914893617021,0.30106382978723406,0.9464882943143814,1.5691340329021493,0.10919760072430967,7.415359042553213
99431,"frozenset({'Postpaid Platinum', 'F2H Fiber', 'Broadband Family', 'Postpaid Roaming'})","frozenset({'Broadband Premium', 'Wireless Broadband'})",0.32340425531914896,0.5702127659574469,0.30106382978723406,0.930921052631579,1.6325854281225451,0.1166545948392938,6.221681864235058
